id,price
0,0
1,0
2,0
3,0
4,0
5,1
6,1
7,1
8,1
9,1
10,0
11,0
12,0
13,0
14,0
15,0
16,0
17,0
18,2
19,1
20,0
21,1
22,0
23,0
24,0
26,1
27,0
29,0
30,1
31,0
32,0
33,0
34,0
35,1
36,0
37,1
38,0
40,0
41,1
42,0
43,1
44,0
45,1
46,0
47,0
48,0
49,0
50,1
51,1
52,1
53,1
54,0
55,0
56,1
57,0
58,0
59,0
60,1
61,0
62,1
63,0
64,0
65,0
66,0
68,0
69,1
70,1
71,0
72,0
73,1
74,0
75,1
76,0
77,1
78,0
79,1
80,0
81,1
82,0
83,1
84,0
85,0
86,0
87,0
89,0
90,1
91,0
92,0
93,1
94,0
95,1
96,0
97,1
98,0
99,0
100,1
101,0
102,1
103,1
104,0
105,0
106,0
107,1
108,0
109,1
110,0
111,0
112,0
113,1
114,0
116,1
117,1
118,0
119,1
120,0
121,0
122,0
123,1
124,1
125,1
126,2
127,0
128,0
129,0
130,1
132,0
133,0
134,0
135,1
136,0
137,2
138,1
140,1
141,0
142,0
143,1
144,0
145,0
146,0
147,1
148,1
149,1
150,1
151,0
152,0
153,0
154,0
155,0
156,0
157,1
158,0
159,0
160,0
161,1
162,0
163,0
164,0
165,0
166,0
167,0
168,0
169,0
170,0
171,1
172,1
173,0
174,0
175,0
176,0
177,0
178,0
179,0
180,0
181,0
182,0
183,0
184,1
185,1
186,0
187,1
188,0
189,1
190,0
191,0
193,0
194,1
195,1
196,0
197,0
198,0
199,0
200,0
201,1
202,1
203,1
204,0
205,1
206,0
207,0
208,0
209,0
210,0
211,1
212,0
213,0
214,0
215,1
216,0
217,0
218,0
219,1
220,0
221,0
222,1
223,0
224,0
225,0
226,1
227,0
228,1
229,0
230,1
231,0
232,0
233,1
234,0
235,0
236,0
237,0
238,0
239,2
240,1
241,1
242,0
243,0
244,0
245,0
246,0
247,0
248,1
249,1
250,1
251,0
252,0
253,0
254,0
255,0
256,1
257,0
259,0
260,0
261,0
262,0
263,1
264,0
265,0
266,0
267,1
268,1
269,0
270,0
271,1
272,1
273,0
274,0
275,0
276,0
277,0
278,0
279,0
280,0
281,0
282,0
283,0
284,0
285,0
286,0
287,0
288,0
289,1
290,0
291,0
292,1
293,0
294,1
295,1
296,0
297,1
298,1
299,0
301,0
302,0
303,0
304,0
305,0
306,1
307,0
308,0
309,0
310,1
311,0
312,0
313,0
314,0
315,0
316,1
317,0
318,0
320,1
321,0
322,0
323,0
324,0
325,1
326,0
328,2
329,0
330,1
331,0
332,0
334,0
335,0
336,0
337,0
338,0
339,0
340,0
341,0
342,1
343,0
344,0
345,0
346,1
347,0
348,0
350,0
351,0
352,0
353,1
354,1
355,0
356,0
357,0
358,0
359,0
360,0
362,0
363,0
364,1
365,1
366,1
367,0
368,0
369,0
370,0
371,1
372,0
373,0
374,1
375,1
376,0
377,2
378,0
379,0
380,0
381,0
382,0
383,1
384,0
385,2
386,0
387,1
388,0
389,1
390,0
391,0
392,0
393,0
394,0
395,0
396,0
397,0
398,0
400,0
401,0
402,1
403,0
404,0
405,1
406,0
407,0
409,2
410,0
411,0
412,1
413,0
414,0
415,0
416,0
417,1
418,1
419,0
420,1
421,0
422,0
423,0
424,0
425,0
426,0
428,2
429,0
430,0
431,1
432,0
433,1
434,0
435,0
436,0
437,0
438,0
439,1
440,0
441,0
443,0
444,1
445,1
447,0
448,1
449,0
450,1
451,0
452,1
453,0
454,0
455,1
456,0
457,0
458,1
459,0
460,1
461,0
462,0
463,1
464,0
465,0
466,1
467,1
468,0
469,0
470,1
471,0
472,1
473,0
474,0
475,1
476,1
477,0
478,1
479,1
480,0
481,1
482,0
483,0
484,0
485,1
486,1
487,0
488,0
489,1
490,0
491,0
492,0
493,0
494,0
495,0
496,1
497,1
498,1
499,0
500,0
501,0
502,1
503,0
504,1
505,0
506,0
507,0
508,0
509,0
510,0
511,0
512,0
513,0
514,0
515,0
516,0
517,1
518,0
519,0
520,0
521,0
522,0
524,1
525,0
526,0
527,0
528,0
529,0
530,0
531,1
532,0
533,0
534,0
535,0
536,0
537,0
538,0
539,0
540,0
541,0
542,0
543,0
544,0
545,0
546,1
547,0
548,1
549,0
550,0
551,0
552,0
553,0
554,1
555,0
556,0
557,0
558,0
559,1
560,0
561,0
562,0
563,0
564,0
565,0
566,0
567,0
568,0
569,0
570,0
571,0
572,0
573,1
574,0
575,2
576,0
577,0
578,0
579,1
580,0
581,0
582,0
583,0
584,1
585,1
586,0
587,1
588,0
589,1
590,1
591,1
592,1
593,2
594,0
595,0
596,0
597,0
598,1
599,1
600,0
601,0
602,1
603,0
604,0
605,0
606,0
607,0
608,0
609,0
610,0
611,2
612,0
613,0
614,0
615,1
616,0
617,0
618,0
619,1
620,0
621,0
622,1
623,1
624,1
627,1
628,0
629,1
630,0
631,0
632,1
633,0
634,0
635,0
636,0
637,2
638,0
639,0
640,1
641,0
642,0
643,0
644,0
646,1
647,0
648,0
649,0
650,0
651,0
652,0
653,2
654,1
655,0
656,0
657,0
658,1
659,0
660,0
661,0
662,0
663,1
664,0
665,0
666,0
667,0
668,0
669,1
670,0
671,1
672,1
673,0
675,0
676,1
677,1
678,1
679,0
680,0
681,1
682,1
683,0
684,0
685,0
686,1
687,0
688,0
689,0
690,0
691,1
692,0
693,0
694,1
695,0
696,0
697,1
698,0
699,0
700,0
701,0
702,1
703,0
704,0
707,0
709,0
710,0
711,0
712,0
713,0
714,0
715,0
716,1
717,1
718,0
719,0
720,1
721,1
722,0
723,0
724,0
725,0
726,0
727,0
728,0
729,0
730,0
731,1
732,1
733,1
734,1
735,0
736,0
737,0
738,0
739,1
740,1
741,0
742,0
743,0
744,0
745,0
746,0
747,0
748,0
749,0
750,0
751,0
752,1
753,0
754,1
755,0
756,0
757,0
758,0
760,0
761,1
762,0
763,0
764,1
765,0
766,0
767,0
768,0
769,0
770,0
771,1
772,0
773,0
774,1
776,0
777,1
778,0
779,0
780,0
781,1
782,0
783,1
784,1
785,0
786,0
787,0
788,1
789,1
790,0
791,0
792,0
793,0
794,0
795,0
796,1
797,0
798,1
799,0
800,0
801,0
802,1
803,0
804,0
805,0
806,1
807,0
808,0
809,0
810,1
811,1
812,1
813,0
814,0
815,0
816,0
817,0
818,0
819,0
820,1
821,0
822,0
823,0
824,1
825,0
826,1
827,0
828,1
829,0
830,0
831,1
832,1
833,1
834,1
835,0
836,1
837,0
838,0
839,0
841,0
842,0
844,0
845,1
846,0
847,0
848,0
849,1
850,2
851,0
852,0
853,0
854,0
855,0
856,1
857,0
858,1
859,0
860,0
861,0
862,0
863,1
864,0
865,0
866,1
867,0
868,0
869,0
870,0
871,0
872,0
873,0
874,1
875,0
876,2
877,0
878,1
879,1
880,0
881,0
882,1
883,0
884,0
885,0
886,0
887,0
888,0
889,0
890,1
891,0
892,1
893,1
894,0
895,0
896,0
897,1
898,0
899,0
900,0
901,0
902,0
903,0
904,0
905,0
906,0
908,0
909,0
910,1
911,1
912,1
913,0
914,0
915,0
916,0
917,0
918,0
919,0
920,1
921,0
922,0
923,0
924,1
925,0
926,0
928,0
929,1
930,1
931,0
932,0
933,1
934,0
935,1
936,0
937,1
938,1
940,0
941,0
942,0
943,1
944,0
945,0
946,0
947,0
948,0
949,0
950,1
951,1
952,0
953,1
954,0
955,0
956,0
957,1
958,0
959,1
960,1
961,0
962,0
963,0
964,0
965,0
966,0
967,0
968,0
969,1
970,0
971,1
972,1
973,0
974,1
975,0
976,0
977,0
978,0
979,1
980,0
981,0
982,1
983,0
984,1
985,0
986,1
987,0
988,0
989,1
991,0
992,0
993,0
994,0
996,0
997,0
998,0
999,0
1000,0
1001,0
1002,0
1003,0
1004,0
1005,0
1006,0
1007,0
1008,0
1009,0
1010,0
1011,0
1013,1
1014,0
1015,1
1016,1
1017,0
1018,0
1019,0
1020,0
1021,1
1022,0
1023,0
1024,0
1025,1
1026,0
1027,1
1028,0
1029,0
1030,1
1031,0
1032,1
1033,1
1034,0
1035,0
1036,0
1037,0
1038,0
1039,1
1040,0
1041,0
1042,1
1043,1
1044,0
1045,1
1046,0
1047,0
1048,0
1049,1
1050,0
1051,0
1052,0
1053,1
1054,1
1055,0
1056,0
1057,0
1058,0
1059,0
1060,0
1061,2
1062,0
1063,0
1064,0
1065,0
1066,1
1067,1
1068,1
1069,1
1070,0
1071,0
1072,0
1073,0
1074,0
1075,0
1076,0
1077,0
1078,0
1079,0
1080,0
1081,1
1082,0
1083,0
1084,0
1085,0
1086,0
1087,0
1088,0
1089,0
1090,0
1091,1
1092,0
1093,1
1094,1
1095,0
1096,1
1097,0
1098,0
1099,0
1100,0
1102,0
1103,1
1104,0
1105,0
1106,0
1107,0
1109,0
1111,0
1112,0
1113,0
1114,0
1115,1
1116,0
1117,0
1118,1
1119,0
1120,0
1121,0
1122,1
1123,0
1124,0
1125,0
1126,1
1127,0
1128,0
1130,0
1131,0
1132,1
1133,1
1134,0
1135,0
1136,1
1138,0
1140,1
1141,0
1142,0
1143,0
1144,0
1145,0
1146,0
1147,0
1148,0
1149,0
1150,0
1151,0
1152,0
1153,0
1154,0
1155,2
1156,0
1157,0
1158,0
1159,0
1160,1
1161,1
1162,0
1163,0
1164,1
1165,0
1166,0
1167,0
1168,0
1169,0
1170,0
1171,0
1172,0
1173,1
1174,0
1175,1
1176,2
1177,0
1178,1
1179,0
1180,0
1181,0
1182,1
1184,0
1185,0
1186,0
1187,0
1188,0
1189,1
1190,0
1191,0
1192,0
1193,1
1194,1
1195,1
1196,1
1197,1
1198,0
1199,0
1200,0
1201,0
1202,0
1203,0
1204,0
1205,0
1206,0
1207,0
1208,0
1209,0
1210,1
1211,0
1212,1
1213,0
1214,0
1215,1
1216,0
1217,1
1218,0
1219,0
1220,1
1221,0
1223,0
1224,0
1225,0
1226,0
1227,1
1228,1
1229,0
1230,1
1231,0
1232,1
1233,0
1234,0
1235,0
1236,0
1237,0
1238,0
1239,0
1240,0
1241,1
1242,0
1243,1
1244,0
1245,1
1246,0
1247,0
1248,1
1249,0
1250,0
1251,0
1252,0
1253,1
1254,1
1255,0
1256,0
1257,0
1258,0
1259,0
1260,1
1261,0
1262,0
1263,1
1264,0
1265,0
1266,0
1267,0
1268,0
1269,0
1270,0
1271,0
1272,0
1273,0
1274,0
1275,1
1276,1
1277,0
1278,0
1279,0
1280,1
1281,1
1282,0
1283,0
1284,1
1285,0
1286,0
1287,0
1288,1
1289,0
1290,0
1291,0
1292,1
1293,0
1294,0
1295,2
1296,1
1297,0
1298,0
1299,0
1300,0
1302,0
1303,0
1304,0
1305,0
1306,0
1307,0
1308,0
1309,0
1310,0
1311,0
1312,0
1313,0
1314,0
1315,1
1317,0
1318,0
1319,0
1320,0
1321,1
1322,0
1323,0
1325,0
1326,1
1327,2
1328,1
1329,0
1330,0
1331,0
1332,0
1333,0
1334,0
1335,0
1336,0
1337,1
1338,1
1339,0
1340,0
1341,1
1342,0
1343,1
1344,0
1345,0
1346,1
1347,0
1348,0
1349,0
1350,0
1351,0
1352,0
1353,0
1354,1
1355,1
1356,1
1357,0
1358,0
1359,0
1360,0
1361,0
1362,0
1363,0
1364,1
1365,1
1366,0
1367,1
1368,0
1369,0
1370,1
1371,0
1372,0
1373,0
1374,0
1375,0
1376,0
1377,1
1378,1
1379,0
1380,1
1381,0
1382,0
1383,0
1384,0
1385,1
1386,1
1387,0
1388,0
1389,1
1390,0
1391,1
1392,0
1393,1
1394,1
1396,0
1397,0
1398,0
1399,0
1400,0
1401,1
1402,0
1403,1
1404,1
1405,0
1406,1
1407,0
1408,0
1409,1
1410,0
1411,0
1412,0
1413,0
1414,0
1415,0
1416,0
1417,0
1418,0
1419,0
1420,0
1421,1
1422,0
1423,0
1424,2
1425,1
1426,1
1427,0
1428,0
1429,0
1430,1
1431,0
1432,0
1433,0
1434,0
1435,0
1436,0
1437,0
1438,0
1439,0
1440,1
1441,1
1442,1
1443,1
1444,0
1445,0
1446,1
1447,0
1448,0
1449,1
1450,0
1451,0
1452,1
1453,0
1454,1
1456,0
1457,0
1458,0
1459,1
1460,0
1461,0
1462,0
1464,1
1465,0
1466,0
1467,0
1468,0
1469,0
1470,0
1471,0
1472,0
1473,0
1474,1
1475,1
1476,0
1477,0
1478,0
1479,1
1480,0
1481,1
1482,1
1483,0
1484,0
1485,0
1486,0
1487,0
1488,1
1489,1
1490,0
1491,1
1492,0
1493,0
1494,0
1495,0
1496,0
1497,1
1498,0
1499,0
1500,0
1502,1
1503,1
1504,2
1505,0
1506,0
1507,0
1508,0
1509,2
1510,1
1511,1
1512,0
1513,0
1514,0
1515,1
1516,0
1518,1
1519,0
1520,0
1521,1
1522,0
1523,1
1524,1
1525,1
1526,1
1527,0
1528,0
1529,0
1530,0
1531,1
1532,1
1533,0
1534,1
1535,1
1536,1
1537,0
1538,0
1539,0
1541,0
1542,0
1543,0
1544,0
1545,0
1546,0
1547,0
1548,1
1549,0
1550,0
1551,0
1552,1
1553,1
1554,0
1555,1
1556,0
1557,1
1558,1
1560,0
1561,0
1562,0
1563,0
1564,0
1565,0
1568,0
1569,1
1570,0
1571,0
1572,0
1573,1
1574,0
1575,1
1576,1
1577,0
1578,0
1579,0
1580,0
1581,1
1582,1
1583,0
1584,0
1585,0
1586,0
1587,1
1588,1
1589,1
1590,0
1591,1
1592,0
1593,0
1594,0
1595,0
1596,0
1597,0
1598,0
1599,0
1600,1
1601,0
1602,0
1603,0
1604,0
1605,0
1606,0
1608,0
1609,1
1610,1
1611,0
1612,0
1613,0
1614,0
1615,0
1616,0
1617,1
1618,0
1619,0
1620,0
1621,0
1622,0
1623,0
1624,0
1625,0
1626,0
1627,0
1628,1
1630,0
1631,1
1632,0
1633,0
1634,0
1635,0
1636,0
1637,0
1638,1
1639,0
1640,1
1641,0
1642,0
1643,1
1644,0
1645,0
1646,0
1647,0
1648,0
1649,0
1650,0
1652,0
1653,0
1654,1
1655,1
1656,0
1657,0
1658,0
1659,0
1660,0
1661,0
1662,0
1663,0
1664,0
1665,1
1666,1
1667,0
1668,0
1670,0
1671,1
1672,1
1673,0
1674,0
1675,0
1676,0
1677,0
1678,0
1679,1
1680,0
1681,0
1682,0
1683,0
1684,0
1685,0
1686,0
1687,0
1688,0
1689,0
1690,0
1693,0
1694,1
1695,1
1696,0
1697,0
1698,1
1699,0
1700,0
1701,0
1702,0
1703,0
1704,0
1705,0
1707,1
1708,0
1709,1
1710,0
1711,0
1712,0
1713,1
1714,0
1715,0
1716,0
1717,1
1718,0
1719,1
1720,0
1721,0
1722,0
1723,0
1724,1
1725,1
1726,1
1727,0
1728,1
1729,0
1730,0
1731,1
1732,0
1733,0
1734,2
1735,0
1736,1
1737,1
1738,0
1739,0
1740,0
1741,0
1742,0
1743,0
1744,0
1745,0
1746,0
1747,1
1748,0
1749,0
1750,0
1751,0
1752,0
1753,0
1754,1
1755,0
1756,0
1757,0
1758,0
1759,1
1760,1
1761,0
1762,0
1763,0
1764,0
1765,0
1766,0
1767,0
1768,0
1769,0
1770,0
1771,0
1772,0
1773,0
1774,1
1775,1
1776,0
1777,1
1778,0
1779,0
1780,0
1781,0
1783,0
1784,1
1785,0
1786,0
1787,1
1788,0
1789,0
1790,0
1791,0
1792,0
1793,1
1794,0
1795,0
1796,0
1797,0
1799,0
1801,1
1802,0
1803,0
1804,1
1806,0
1807,1
1808,0
1809,1
1810,0
1811,0
1812,0
1814,0
1815,1
1816,0
1817,1
1818,1
1819,0
1820,0
1821,0
1822,0
1823,1
1824,0
1825,0
1826,0
1827,0
1828,1
1829,0
1830,1
1831,0
1832,1
1833,0
1834,0
1835,0
1836,2
1837,0
1838,0
1839,0
1840,1
1841,0
1842,0
1843,0
1844,0
1845,0
1846,0
1847,1
1848,0
1849,1
1850,0
1851,0
1852,1
1853,0
1854,2
1855,0
1856,0
1857,0
1858,0
1859,0
1860,0
1861,1
1862,1
1863,0
1864,0
1865,1
1866,0
1867,1
1868,0
1869,0
1870,1
1871,0
1872,0
1873,0
1874,0
1875,1
1876,1
1877,0
1878,0
1879,0
1880,1
1881,0
1883,1
1884,1
1885,0
1886,0
1887,0
1888,1
1889,1
1890,1
1891,1
1892,0
1893,0
1895,0
1896,0
1897,1
1898,0
1899,0
1900,0
1901,0
1902,0
1903,0
1904,0
1905,0
1906,0
1907,1
1908,0
1909,0
1910,0
1911,0
1912,1
1913,0
1914,0
1915,1
1916,0
1917,0
1918,0
1919,0
1920,1
1921,0
1922,0
1923,0
1924,1
1925,1
1926,0
1927,1
1928,0
1929,0
1930,0
1931,0
1932,0
1933,0
1934,1
1935,0
1936,1
1937,0
1938,0
1939,1
1940,0
1941,0
1943,0
1944,0
1945,1
1946,0
1948,0
1949,1
1950,0
1951,0
1952,0
1954,0
1955,0
1956,0
1957,0
1958,1
1959,0
1960,0
1961,0
1962,0
1963,0
1964,0
1965,0
1966,0
1967,0
1968,0
1969,0
1970,0
1971,0
1972,0
1973,0
1974,0
1975,0
1976,0
1977,1
1978,0
1979,0
1980,0
1981,0
1982,0
1983,0
1984,0
1985,1
1986,0
1987,0
1988,0
1989,1
1990,0
1991,0
1992,0
1993,0
1994,1
1995,0
1996,1
1997,0
1998,0
1999,0
2000,0
2001,0
2002,1
2003,0
2004,1
2005,1
2006,0
2007,0
2008,1
2009,0
2010,0
2011,1
2012,0
2013,1
2014,0
2015,0
2016,0
2017,0
2018,0
2019,0
2020,0
2021,0
2022,0
2023,1
2024,0
2025,0
2026,0
2027,0
2028,0
2029,0
2030,0
2031,0
2032,0
2033,0
2034,0
2035,0
2036,0
2037,0
2038,0
2039,1
2040,0
2041,1
2043,1
2044,0
2045,1
2046,0
2047,1
2048,0
2049,0
2051,1
2052,0
2053,0
2054,0
2055,0
2056,1
2057,0
2058,1
2059,0
2060,0
2061,0
2062,1
2063,1
2064,0
2065,0
2066,0
2067,0
2068,0
2069,0
2070,1
2071,0
2072,0
2073,0
2074,0
2075,1
2076,2
2077,0
2078,0
2079,1
2080,1
2081,0
2082,1
2083,0
2084,1
2085,1
2086,1
2087,0
2088,1
2089,0
2090,0
2091,1
2092,2
2093,1
2094,1
2095,1
2096,0
2097,0
2098,0
2099,1
2100,0
2101,0
2102,0
2103,0
2104,0
2105,0
2106,0
2107,0
2108,1
2109,1
2110,0
2111,1
2112,0
2113,0
2114,1
2115,0
2116,0
2117,0
2118,2
2120,0
2121,0
2122,1
2123,1
2125,0
2126,1
2127,0
2128,2
2129,1
2130,1
2131,1
2132,0
2133,0
2134,0
2135,0
2136,1
2137,0
2138,0
2139,1
2140,0
2141,0
2142,1
2144,0
2145,0
2146,0
2147,0
2148,0
2149,0
2150,1
2151,0
2152,1
2153,0
2154,0
2155,0
2156,0
2157,1
2158,0
2159,0
2160,1
2161,0
2162,1
2164,0
2165,0
2166,0
2167,0
2168,1
2169,0
2170,1
2171,1
2172,0
2173,0
2174,0
2175,0
2176,0
2177,0
2178,0
2179,1
2180,1
2181,1
2182,0
2183,0
2184,0
2185,0
2186,0
2187,0
2188,0
2189,0
2190,0
2191,1
2192,1
2193,0
2194,0
2195,0
2196,0
2197,0
2198,0
2199,0
2200,0
2201,1
2202,1
2203,0
2204,0
2205,0
2206,0
2207,0
2208,0
2209,0
2210,0
2211,0
2212,0
2213,0
2214,0
2215,1
2216,0
2217,0
2218,0
2219,0
2220,1
2222,0
2223,0
2224,0
2225,0
2226,1
2227,0
2228,0
2229,1
2230,1
2231,0
2233,0
2234,0
2235,0
2236,0
2237,0
2238,0
2239,0
2240,0
2241,0
2242,0
2243,1
2244,0
2245,0
2246,1
2247,1
2248,1
2249,0
2250,0
2251,0
2252,1
2254,2
2255,1
2256,0
2257,1
2258,0
2259,1
2260,0
2261,0
2262,0
2263,0
2264,0
2265,0
2266,0
2267,0
2268,0
2269,0
2270,0
2271,0
2272,1
2273,1
2275,1
2276,0
2277,1
2278,0
2279,0
2280,0
2281,1
2282,1
2283,1
2284,0
2285,0
2286,0
2287,0
2288,0
2289,0
2290,1
2291,0
2292,1
2293,1
2294,0
2295,0
2296,0
2297,0
2298,0
2299,1
2300,0
2301,1
2302,0
2303,0
2304,0
2305,0
2306,0
2307,0
2308,0
2309,0
2310,0
2311,0
2313,1
2314,0
2315,0
2316,0
2317,0
2318,0
2319,0
2320,1
2321,0
2322,0
2323,0
2324,0
2325,0
2326,1
2327,1
2328,0
2329,1
2330,1
2331,0
2332,0
2333,1
2334,1
2335,1
2336,0
2337,0
2338,1
2339,0
2340,0
2341,0
2342,0
2343,0
2344,0
2345,1
2346,1
2347,1
2348,0
2349,0
2350,0
2351,1
2352,0
2353,0
2354,0
2355,0
2356,0
2357,0
2358,0
2359,1
2360,0
2362,0
2363,1
2364,0
2365,1
2366,1
2367,0
2368,0
2369,0
2370,1
2371,0
2372,0
2373,0
2374,0
2375,1
2376,0
2377,0
2378,0
2379,1
2380,0
2381,0
2382,1
2383,2
2384,0
2385,0
2386,0
2387,0
2388,0
2389,0
2390,0
2391,0
2392,0
2393,0
2394,0
2395,0
2397,0
2398,1
2399,0
2400,0
2401,0
2402,1
2403,1
2404,1
2405,0
2406,0
2407,0
2408,0
2409,1
2410,0
2411,0
2412,0
2413,0
2414,1
2415,0
2417,0
2418,1
2419,1
2420,0
2421,0
2422,0
2423,0
2424,0
2425,0
2426,1
2427,0
2428,0
2429,0
2430,1
2431,0
2432,0
2433,0
2434,0
2435,0
2436,0
2437,0
2439,0
2440,1
2441,0
2442,0
2443,0
2444,0
2445,0
2446,0
2447,0
2448,0
2449,1
2450,0
2451,1
2452,0
2453,0
2454,0
2455,0
2456,1
2457,0
2458,0
2459,2
2460,1
2461,1
2462,1
2463,0
2464,0
2465,0
2466,0
2467,0
2468,1
2469,1
2470,0
2471,0
2472,1
2473,0
2474,0
2475,1
2476,0
2477,0
2478,0
2479,0
2480,0
2481,2
2482,0
2483,1
2484,0
2485,0
2486,0
2487,0
2488,1
2490,0
2491,0
2492,0
2493,0
2494,0
2495,0
2496,0
2497,0
2498,0
2499,0
2500,1
2501,0
2502,1
2503,0
2506,0
2507,0
2508,1
2509,0
2510,1
2511,0
2512,0
2513,0
2515,1
2516,0
2517,0
2518,0
2519,0
2520,0
2521,0
2522,0
2523,1
2524,0
2525,1
2526,1
2527,0
2528,0
2530,0
2531,1
2532,0
2533,0
2534,1
2535,1
2536,0
2538,1
2539,0
2540,0
2541,0
2542,0
2543,0
2544,0
2545,0
2546,1
2547,1
2548,0
2549,1
2550,0
2551,1
2552,1
2553,0
2554,1
2555,0
2556,0
2557,0
2558,0
2559,0
2560,0
2561,1
2562,0
2563,0
2564,0
2565,0
2566,0
2567,1
2568,1
2569,1
2570,0
2571,0
2572,1
2573,0
2574,0
2575,0
2576,0
2577,1
2578,0
2579,0
2580,1
2581,1
2582,0
2583,0
2584,0
2585,1
2586,1
2587,1
2588,0
2589,0
2590,0
2591,0
2592,1
2593,0
2594,0
2595,0
2596,0
2597,0
2598,1
2599,1
2601,0
2602,0
2603,1
2604,0
2605,1
2606,2
2607,0
2608,1
2609,0
2610,1
2611,0
2612,0
2613,0
2614,0
2615,1
2616,1
2617,0
2618,0
2619,0
2620,0
2621,0
2622,1
2623,0
2626,0
2627,0
2628,0
2629,1
2630,0
2632,0
2633,1
2634,0
2635,0
2636,0
2637,0
2638,1
2639,0
2640,0
2641,0
2642,0
2643,0
2644,0
2645,0
2646,0
2647,0
2648,0
2649,0
2650,0
2651,0
2652,0
2654,1
2655,0
2656,0
2657,1
2658,0
2659,0
2660,0
2661,1
2662,0
2663,0
2664,0
2665,0
2666,1
2667,1
2668,0
2669,2
2670,0
2671,0
2672,0
2673,0
2674,1
2675,0
2676,0
2678,1
2679,0
2680,0
2681,1
2682,1
2683,1
2684,1
2685,1
2686,0
2687,0
2688,0
2689,0
2690,0
2691,0
2692,0
2693,0
2694,0
2695,1
2696,0
2697,0
2698,0
2699,1
2700,0
2701,0
2702,1
2703,0
2704,1
2705,1
2706,0
2707,1
2708,0
2710,0
2711,0
2712,0
2713,0
2714,1
2715,0
2716,1
2717,1
2718,1
2719,0
2720,0
2721,0
2722,0
2723,0
2724,0
2725,0
2726,0
2727,0
2728,0
2729,0
2730,0
2731,0
2732,0
2733,2
2734,0
2735,0
2737,0
2738,1
2739,1
2740,1
2742,0
2744,2
2745,0
2747,0
2748,0
2749,1
2750,0
2751,0
2752,0
2753,1
2754,0
2755,1
2756,2
2757,0
2758,0
2759,0
2760,1
2761,0
2762,0
2763,1
2764,0
2765,0
2766,1
2767,2
2768,0
2769,0
2770,0
2771,0
2772,0
2773,0
2774,1
2775,0
2776,1
2777,0
2778,0
2779,1
2780,0
2781,0
2782,0
2783,1
2784,1
2785,0
2786,0
2787,0
2788,1
2789,0
2790,0
2791,0
2792,1
2793,0
2794,0
2795,0
2796,0
2797,0
2798,0
2799,0
2800,0
2801,0
2802,1
2803,0
2804,0
2805,0
2806,1
2807,1
2808,0
2809,1
2810,0
2811,0
2812,0
2813,0
2814,1
2815,0
2816,0
2817,0
2818,0
2820,0
2821,0
2822,1
2823,0
2824,0
2825,1
2826,0
2827,0
2828,0
2829,1
2830,0
2831,1
2832,0
2833,0
2834,0
2835,0
2836,1
2837,1
2838,0
2839,0
2840,0
2841,1
2842,0
2843,0
2844,0
2845,0
2846,0
2847,0
2848,0
2849,1
2850,1
2851,1
2852,1
2853,0
2854,0
2855,0
2856,0
2857,0
2858,1
2859,1
2861,0
2862,1
2863,0
2864,0
2865,1
2866,0
2867,0
2868,0
2869,0
2870,0
2871,0
2872,0
2873,0
2875,0
2876,0
2877,0
2878,0
2879,0
2880,0
2881,0
2882,0
2883,0
2884,0
2885,2
2886,0
2887,0
2888,1
2889,1
2890,1
2892,0
2893,1
2894,0
2895,0
2896,1
2897,0
2898,1
2899,0
2900,1
2901,0
2902,0
2903,1
2904,1
2905,0
2906,0
2907,0
2908,0
2909,0
2910,0
2911,0
2912,0
2913,0
2914,0
2915,1
2916,0
2917,0
2918,1
2919,0
2920,0
2921,0
2922,0
2923,0
2924,0
2925,1
2926,0
2927,0
2928,1
2929,0
2930,0
2931,1
2932,0
2933,1
2934,1
2935,0
2936,1
2937,1
2938,0
2939,0
2940,0
2941,1
2942,1
2943,0
2944,0
2945,0
2946,1
2947,1
2948,1
2949,0
2950,1
2951,1
2952,1
2953,0
2954,0
2955,0
2956,0
2957,0
2958,1
2959,0
2960,0
2961,0
2962,0
2963,0
2964,0
2965,0
2966,1
2967,0
2968,0
2969,0
2970,0
2971,1
2972,0
2973,1
2974,1
2975,1
2976,0
2977,0
2978,0
2979,2
2980,0
2981,1
2982,0
2983,0
2984,0
2985,1
2986,0
2987,1
2988,0
2989,0
2990,0
2991,0
2992,0
2993,1
2994,1
2995,1
2996,0
2997,0
2998,1
2999,1
3000,0
3001,1
3002,1
3003,1
3004,0
3005,0
3006,0
3007,0
3008,0
3009,0
3010,0
3011,1
3012,1
3013,0
3014,0
3015,0
3016,0
3018,1
3019,0
3020,1
3021,1
3022,1
3023,0
3024,0
3025,1
3026,0
3027,1
3028,0
3030,1
3031,0
3032,0
3033,0
3034,0
3035,0
3036,1
3037,1
3038,0
3039,0
3040,0
3041,1
3043,0
3045,1
3046,0
3047,2
3048,0
3049,0
3050,0
3051,0
3052,0
3053,0
3054,1
3055,1
3056,1
3057,0
3058,0
3059,1
3060,0
3062,1
3063,1
3064,0
3066,1
3067,0
3068,0
3069,1
3070,0
3071,0
3072,0
3073,1
3074,0
3075,0
3076,1
3078,0
3079,1
3080,0
3081,0
3082,0
3083,0
3084,0
3085,0
3086,0
3087,0
3088,0
3089,0
3090,1
3091,0
3093,1
3094,0
3095,0
3096,0
3097,0
3098,0
3099,1
3100,1
3101,0
3102,0
3103,1
3104,0
3105,0
3106,1
3107,0
3108,0
3109,0
3110,1
3111,0
3112,0
3113,0
3114,0
3115,1
3116,2
3117,1
3118,1
3120,1
3121,0
3122,1
3123,0
3124,0
3125,0
3126,0
3127,0
3128,0
3129,0
3130,0
3131,0
3132,0
3133,1
3134,0
3135,0
3136,0
3137,1
3138,1
3139,0
3140,0
3141,1
3142,1
3143,2
3144,0
3145,0
3146,0
3147,1
3148,0
3149,1
3150,1
3151,0
3152,0
3153,1
3154,0
3155,0
3156,1
3157,0
3158,0
3159,0
3161,0
3162,0
3163,1
3164,0
3165,1
3166,0
3167,0
3168,0
3169,1
3170,0
3171,0
3172,0
3173,0
3174,0
3175,1
3176,0
3177,0
3178,0
3179,0
3180,0
3181,0
3182,0
3183,0
3184,0
3185,1
3187,0
3188,1
3189,1
3190,0
3191,0
3192,0
3193,0
3194,1
3195,1
3196,0
3197,1
3198,0
3199,0
3200,0
3201,0
3202,0
3203,1
3204,0
3205,0
3206,0
3207,0
3208,0
3209,0
3210,1
3211,0
3212,0
3213,0
3214,1
3215,1
3216,0
3217,0
3218,1
3219,0
3220,0
3221,1
3222,1
3223,0
3224,1
3225,0
3226,1
3227,0
3228,0
3229,0
3230,1
3231,2
3232,1
3233,0
3234,0
3235,1
3236,0
3237,0
3238,1
3239,1
3240,0
3241,1
3242,0
3243,0
3244,0
3245,0
3246,0
3247,1
3248,0
3249,0
3250,0
3251,1
3252,0
3253,0
3254,0
3255,0
3256,1
3257,0
3258,0
3259,0
3260,1
3261,1
3262,1
3263,0
3264,0
3265,2
3266,0
3267,0
3268,1
3269,1
3270,1
3271,0
3272,1
3273,1
3274,0
3275,0
3276,1
3277,1
3278,1
3279,0
3280,0
3281,1
3282,1
3283,0
3284,0
3285,1
3286,0
3287,0
3288,0
3289,0
3290,0
3291,0
3292,0
3293,0
3294,0
3295,1
3296,0
3297,0
3298,0
3299,0
3300,0
3301,0
3302,0
3303,1
3304,0
3305,1
3306,1
3307,0
3308,0
3309,1
3310,0
3311,0
3312,0
3313,0
3314,0
3315,0
3316,0
3317,1
3318,0
3319,0
3320,0
3321,0
3322,0
3323,0
3324,0
3325,1
3326,0
3327,0
3328,0
3329,0
3330,1
3331,0
3332,2
3333,0
3334,0
3335,0
3336,1
3337,0
3338,0
3339,0
3340,1
3341,0
3342,1
3343,1
3344,0
3345,1
3346,0
3347,1
3348,0
3349,0
3350,1
3351,0
3352,0
3353,0
3354,1
3355,1
3356,0
3357,0
3358,2
3359,0
3360,0
3361,1
3362,0
3363,1
3364,0
3365,0
3366,0
3367,0
3368,0
3369,0
3370,0
3371,1
3372,1
3373,0
3374,0
3375,0
3376,0
3377,1
3378,0
3379,0
3380,0
3381,0
3382,0
3383,0
3384,0
3385,0
3386,1
3387,1
3388,0
3389,0
3390,0
3391,1
3392,0
3393,0
3394,0
3395,0
3396,1
3397,1
3399,1
3400,0
3401,1
3402,0
3404,0
3405,0
3406,0
3407,1
3408,0
3409,0
3410,0
3411,1
3412,0
3413,0
3414,0
3415,0
3416,0
3417,0
3418,0
3419,0
3420,1
3421,1
3422,1
3423,1
3424,0
3425,1
3426,0
3427,0
3428,0
3429,0
3431,1
3432,1
3433,0
3434,1
3435,2
3436,1
3437,0
3438,0
3439,1
3440,0
3441,0
3442,1
3443,0
3444,0
3445,1
3446,0
3447,0
3448,0
3449,0
3450,0
3451,0
3452,2
3453,0
3454,0
3455,0
3456,0
3457,1
3458,0
3459,0
3460,0
3461,0
3462,1
3463,0
3464,0
3465,1
3466,1
3467,0
3468,0
3469,0
3470,0
3471,0
3472,0
3473,1
3474,1
3475,0
3476,1
3477,1
3478,1
3479,1
3480,1
3481,0
3482,1
3483,0
3484,0
3485,0
3486,0
3487,0
3488,0
3489,0
3490,0
3491,0
3492,1
3493,0
3494,0
3495,1
3496,0
3497,0
3498,0
3499,0
3500,0
3501,0
3502,0
3503,0
3504,0
3505,1
3506,0
3508,0
3509,1
3510,1
3511,1
3512,0
3513,1
3514,0
3515,0
3516,1
3517,0
3518,0
3519,0
3521,0
3522,0
3523,0
3524,0
3525,1
3526,0
3527,0
3528,2
3529,0
3530,0
3531,2
3532,0
3533,0
3534,0
3535,1
3536,0
3537,0
3538,1
3539,0
3540,0
3541,0
3542,0
3543,1
3544,0
3545,1
3546,0
3547,0
3548,0
3549,1
3550,0
3551,1
3552,0
3553,0
3554,0
3555,1
3556,0
3557,1
3558,0
3559,0
3560,0
3561,0
3562,0
3563,0
3564,0
3565,1
3566,0
3567,0
3568,0
3569,0
3570,0
3571,1
3572,0
3573,0
3574,0
3575,1
3576,1
3577,0
3578,0
3579,0
3580,1
3581,1
3582,1
3584,0
3585,1
3586,0
3587,1
3588,2
3589,0
3590,0
3591,1
3592,0
3593,0
3594,0
3595,0
3596,1
3597,1
3598,0
3599,1
3600,0
3601,0
3602,0
3603,0
3604,0
3605,1
3606,1
3607,0
3608,1
3609,0
3610,0
3611,0
3613,0
3614,1
3615,1
3616,0
3617,1
3618,0
3619,1
3620,1
3621,0
3622,0
3623,0
3624,0
3625,0
3626,1
3627,0
3629,0
3630,0
3632,0
3633,0
3634,0
3635,0
3636,0
3637,0
3638,0
3639,0
3640,0
3641,0
3642,0
3643,0
3644,1
3645,2
3646,0
3647,0
3648,0
3649,0
3650,0
3651,0
3652,0
3653,0
3654,1
3655,0
3656,0
3657,0
3658,1
3659,0
3660,1
3661,0
3662,0
3663,0
3664,0
3665,0
3666,0
3667,0
3668,1
3669,0
3670,1
3671,0
3672,0
3673,0
3674,0
3675,1
3676,0
3677,0
3678,1
3680,0
3681,0
3682,0
3683,0
3684,0
3685,1
3686,1
3687,0
3688,0
3689,0
3690,1
3691,1
3692,0
3693,0
3694,0
3695,1
3696,1
3697,0
3698,1
3699,0
3700,0
3701,0
3702,0
3703,0
3704,0
3705,0
3706,0
3707,0
3708,0
3709,0
3710,0
3711,0
3712,0
3713,0
3714,0
3715,0
3716,0
3717,1
3718,0
3719,0
3720,0
3721,1
3722,1
3723,0
3724,0
3725,0
3726,0
3727,0
3728,1
3729,1
3730,0
3731,0
3732,0
3733,0
3734,1
3735,0
3736,0
3737,0
3738,0
3739,0
3740,0
3741,0
3742,1
3743,1
3744,1
3745,0
3746,0
3747,1
3748,0
3749,1
3750,1
3751,0
3752,0
3753,0
3754,0
3755,0
3756,0
3757,0
3758,1
3759,0
3760,0
3761,0
3762,1
3763,1
3764,0
3765,1
3766,0
3767,1
3768,0
3769,1
3770,0
3771,1
3773,1
3774,1
3775,0
3776,2
3777,1
3778,0
3779,0
3780,0
3781,2
3782,1
3783,0
3784,0
3785,0
3786,0
3787,1
3788,0
3789,0
3790,0
3791,0
3792,0
3793,0
3794,1
3795,0
3796,0
3797,0
3798,0
3799,0
3800,0
3801,1
3802,1
3803,0
3804,0
3805,1
3806,0
3807,0
3809,0
3810,0
3811,1
3812,0
3814,0
3815,0
3816,1
3817,0
3818,0
3819,0
3820,0
3821,0
3822,0
3823,0
3824,1
3825,1
3826,1
3827,0
3828,0
3829,0
3830,1
3831,0
3832,1
3833,0
3834,0
3835,1
3836,0
3837,0
3838,0
3839,0
3840,0
3841,1
3842,0
3843,0
3844,1
3845,1
3846,2
3847,0
3848,0
3849,1
3850,0
3852,1
3853,0
3854,1
3856,1
3857,0
3858,1
3859,1
3860,1
3861,0
3862,0
3863,0
3864,0
3865,0
3866,1
3867,0
3868,0
3869,0
3870,1
3871,1
3873,0
3874,0
3875,0
3876,1
3877,1
3878,1
3879,1
3880,1
3881,0
3882,1
3883,1
3884,0
3885,0
3886,0
3887,0
3888,0
3889,2
3890,0
3891,0
3892,0
3893,1
3894,1
3895,1
3896,1
3897,0
3898,0
3899,0
3900,0
3901,1
3902,0
3903,0
3904,0
3905,0
3906,1
3907,0
3908,0
3909,0
3910,0
3911,0
3912,0
3913,0
3914,0
3915,0
3916,0
3917,0
3918,1
3919,0
3920,0
3921,0
3922,0
3923,0
3924,0
3925,0
3926,0
3927,0
3928,0
3929,0
3930,1
3931,0
3932,1
3933,1
3934,0
3935,1
3936,0
3937,0
3938,0
3939,1
3940,0
3941,1
3942,0
3943,0
3944,0
3945,0
3946,0
3947,0
3948,1
3949,1
3951,0
3952,1
3953,0
3954,0
3955,0
3956,0
3957,0
3958,1
3959,0
3960,2
3961,0
3962,0
3963,0
3964,1
3965,0
3966,0
3967,0
3968,1
3969,0
3970,0
3971,0
3972,0
3973,1
3974,0
3975,1
3976,1
3977,0
3978,0
3979,1
3980,1
3981,0
3982,0
3984,1
3985,1
3986,0
3987,1
3988,0
3989,0
3990,2
3991,0
3993,0
3994,0
3995,1
3996,0
3997,0
3998,1
3999,1
4000,0
4001,0
4002,0
4003,0
4004,1
4005,0
4006,1
4007,1
4008,0
4009,1
4010,1
4011,0
4012,0
4013,0
4014,0
4015,0
4016,0
4017,1
4018,1
4019,0
4020,1
4021,0
4022,0
4023,0
4024,0
4025,0
4027,0
4028,0
4029,1
4030,0
4031,0
4032,0
4034,0
4035,0
4036,0
4037,0
4038,0
4039,0
4040,0
4041,0
4042,0
4043,0
4044,1
4045,0
4046,0
4047,0
4048,0
4049,0
4050,0
4051,1
4052,0
4053,0
4054,1
4055,0
4056,0
4057,0
4058,0
4059,0
4060,1
4061,1
4062,0
4063,1
4064,0
4065,1
4066,1
4067,1
4068,1
4069,0
4070,0
4071,1
4072,0
4073,0
4074,0
4075,0
4076,1
4077,0
4078,0
4079,1
4080,0
4081,0
4082,1
4083,1
4085,0
4086,1
4087,0
4088,0
4089,0
4090,1
4091,0
4092,1
4093,1
4094,0
4095,0
4096,0
4097,1
4098,0
4099,1
4100,1
4101,1
4102,1
4103,1
4104,0
4105,0
4106,0
4107,0
4108,0
4109,1
4110,1
4111,0
4112,0
4113,0
4114,0
4115,0
4116,0
4117,0
4118,0
4120,0
4121,0
4122,0
4123,0
4124,0
4125,0
4126,0
4127,0
4128,0
4129,0
4130,0
4131,0
4132,1
4133,0
4134,1
4135,0
4136,0
4137,0
4138,1
4139,0
4140,1
4141,0
4142,0
4143,0
4144,0
4145,1
4146,1
4147,0
4148,0
4149,1
4150,0
4151,0
4152,0
4153,0
4154,1
4155,1
4156,2
4157,0
4158,0
4159,0
4160,1
4161,1
4162,1
4163,0
4164,0
4165,0
4167,0
4168,1
4169,0
4170,0
4171,0
4172,0
4173,0
4175,0
4176,0
4177,1
4178,0
4179,0
4180,1
4181,0
4182,0
4183,0
4184,0
4185,0
4186,0
4187,0
4188,1
4189,0
4190,1
4191,0
4192,1
4193,1
4194,1
4195,1
4196,1
4197,0
4198,0
4199,0
4200,0
4201,0
4202,1
4203,0
4204,0
4205,0
4206,1
4207,0
4208,1
4209,0
4211,1
4212,0
4213,0
4214,0
4215,0
4216,1
4217,0
4218,0
4219,1
4220,0
4221,2
4222,0
4223,0
4225,0
4226,0
4227,2
4228,1
4229,0
4230,0
4231,0
4232,0
4233,0
4234,0
4235,0
4236,1
4237,1
4238,0
4239,0
4240,0
4241,0
4242,2
4243,0
4244,1
4245,1
4246,0
4247,0
4248,1
4249,0
4250,0
4252,1
4253,1
4254,0
4255,0
4256,0
4257,1
4258,0
4259,0
4260,1
4261,0
4262,1
4263,1
4264,0
4265,1
4266,0
4267,0
4268,0
4269,0
4270,0
4271,1
4272,1
4273,1
4274,0
4275,0
4276,0
4277,0
4279,1
4280,1
4281,1
4282,1
4283,0
4284,1
4285,0
4286,1
4287,1
4288,0
4289,1
4290,0
4291,1
4293,1
4294,0
4295,0
4296,0
4297,0
4298,1
4299,0
4300,0
4301,0
4302,0
4303,0
4304,1
4305,1
4306,0
4307,1
4308,1
4309,0
4310,0
4311,0
4312,0
4313,1
4314,0
4315,1
4316,0
4317,0
4318,0
4319,0
4320,0
4321,0
4322,0
4323,0
4324,0
4325,1
4326,0
4327,1
4328,0
4329,0
4330,0
4331,0
4333,0
4334,0
4335,0
4336,0
4337,1
4338,0
4339,0
4340,1
4341,0
4342,0
4343,1
4344,1
4345,0
4346,0
4347,1
4348,0
4349,0
4350,1
4351,1
4352,0
4353,0
4354,1
4355,1
4356,0
4357,0
4358,1
4359,0
4360,0
4361,1
4362,0
4363,1
4364,0
4365,0
4366,0
4368,0
4369,0
4370,0
4371,0
4372,1
4373,0
4374,0
4375,0
4376,0
4377,0
4378,0
4379,0
4380,0
4381,0
4382,1
4383,0
4384,0
4385,1
4386,0
4387,0
4388,0
4389,0
4390,0
4391,1
4392,0
4393,0
4394,1
4395,0
4396,0
4397,0
4398,1
4399,0
4400,1
4401,0
4402,0
4403,1
4404,0
4405,1
4406,1
4407,0
4408,1
4409,1
4410,0
4411,0
4412,1
4413,0
4414,0
4415,0
4416,0
4418,0
4419,0
4420,0
4421,0
4423,0
4424,1
4425,0
4426,0
4427,0
4428,0
4429,1
4430,0
4431,2
4432,0
4433,1
4434,0
4435,0
4436,0
4437,1
4438,0
4439,1
4440,1
4441,1
4442,0
4443,0
4444,0
4445,0
4446,2
4447,0
4448,1
4449,0
4450,0
4451,1
4452,1
4453,1
4454,0
4455,0
4456,1
4457,1
4458,0
4459,1
4460,0
4461,0
4462,0
4463,1
4464,1
4465,1
4466,0
4467,0
4468,0
4469,2
4470,0
4471,0
4472,0
4473,1
4474,1
4475,0
4476,0
4477,0
4478,0
4479,0
4480,0
4481,1
4482,1
4483,0
4484,0
4485,0
4487,1
4488,0
4489,0
4490,0
4491,2
4492,0
4494,0
4495,0
4496,1
4497,1
4498,0
4499,0
4500,0
4501,0
4502,0
4503,0
4504,0
4505,0
4506,0
4507,1
4508,1
4509,0
4510,1
4511,0
4512,1
4513,0
4514,0
4516,0
4517,0
4518,0
4519,1
4520,0
4521,1
4522,0
4523,1
4524,0
4525,0
4526,1
4527,0
4528,0
4529,1
4530,0
4531,1
4532,1
4533,0
4534,0
4535,2
4536,0
4537,0
4538,0
4539,0
4540,0
4541,0
4542,0
4543,1
4544,2
4545,0
4546,0
4547,0
4548,0
4549,0
4550,0
4551,0
4552,0
4553,0
4554,1
4555,0
4556,0
4557,1
4558,0
4559,1
4560,1
4561,1
4562,0
4563,1
4564,0
4565,0
4566,0
4567,1
4568,1
4569,1
4570,1
4571,0
4572,1
4573,0
4574,0
4575,0
4576,0
4577,0
4578,0
4579,0
4580,0
4581,0
4582,0
4583,1
4584,1
4585,0
4586,0
4587,0
4588,0
4589,0
4590,0
4591,0
4592,1
4593,0
4594,0
4595,0
4596,1
4597,0
4598,0
4599,1
4600,1
4601,0
4602,1
4603,1
4604,0
4605,1
4606,0
4607,1
4608,0
4609,0
4610,0
4611,0
4612,0
4613,1
4614,0
4615,1
4616,0
4617,1
4618,1
4619,0
4620,1
4621,0
4622,0
4623,1
4624,0
4625,0
4626,0
4627,0
4628,0
4629,0
4630,0
4631,0
4632,1
4633,1
4634,0
4635,1
4636,0
4637,0
4638,1
4639,0
4640,1
4641,0
4642,0
4643,1
4644,0
4645,1
4646,0
4647,0
4648,1
4649,1
4650,0
4651,0
4652,1
4653,1
4654,1
4655,1
4656,1
4657,0
4658,0
4659,0
4660,1
4661,0
4662,0
4663,0
4664,1
4665,1
4666,1
4667,0
4668,1
4669,1
4670,0
4671,0
4672,0
4673,0
4674,0
4675,0
4676,0
4677,0
4678,1
4679,1
4680,0
4681,0
4682,0
4683,1
4684,1
4685,0
4686,0
4687,0
4688,0
4689,0
4690,0
4691,0
4692,0
4693,1
4694,0
4695,0
4696,0
4697,0
4698,1
4699,0
4700,1
4701,0
4702,0
4703,0
4704,1
4705,0
4706,0
4707,1
4708,0
4709,0
4710,1
4711,0
4712,0
4713,0
4714,0
4715,0
4716,0
4717,0
4718,0
4719,0
4720,0
4721,0
4722,0
4723,0
4724,0
4725,1
4726,0
4727,0
4728,0
4729,0
4730,0
4731,0
4732,0
4733,1
4734,1
4735,0
4736,1
4737,0
4738,1
4739,0
4740,1
4741,0
4742,0
4743,0
4745,1
4746,0
4747,1
4748,1
4749,1
4750,0
4751,0
4752,0
4753,0
4754,0
4755,0
4756,1
4757,1
4758,0
4759,1
4761,1
4762,1
4763,0
4764,0
4765,0
4766,1
4767,0
4768,1
4769,0
4770,0
4771,0
4772,1
4773,0
4774,0
4775,0
4776,0
4777,0
4778,1
4779,1
4780,0
4781,0
4782,1
4783,0
4784,0
4785,1
4786,0
4787,0
4788,1
4789,1
4790,0
4791,0
4792,0
4793,0
4794,0
4795,2
4796,0
4797,0
4798,0
4799,0
4800,1
4801,0
4802,0
4803,0
4804,0
4806,0
4807,0
4809,0
4810,0
4811,0
4812,0
4813,1
4814,1
4816,0
4817,0
4818,0
4819,0
4820,0
4821,0
4822,0
4823,0
4824,1
4825,0
4826,0
4827,0
4828,1
4829,1
4830,1
4832,0
4833,0
4834,0
4835,0
4836,1
4837,0
4838,0
4839,0
4840,1
4841,1
4843,0
4844,0
4845,0
4846,1
4847,0
4848,0
4849,0
4850,0
4851,0
4852,0
4853,0
4854,1
4855,1
4856,0
4857,0
4858,0
4859,0
4860,0
4861,0
4862,1
4863,0
4864,0
4865,1
4866,1
4867,0
4868,1
4869,1
4870,0
4871,1
4872,0
4873,0
4874,0
4875,0
4876,0
4878,0
4879,0
4880,1
4881,1
4882,0
4883,0
4884,0
4885,0
4886,1
4887,1
4888,1
4889,0
4890,0
4891,0
4892,1
4893,0
4894,0
4895,1
4896,1
4897,0
4898,0
4899,0
4900,0
4901,0
4902,0
4903,0
4904,0
4905,0
4906,1
4907,0
4908,1
4909,0
4910,0
4911,0
4912,0
4913,0
4914,0
4915,0
4916,0
4917,0
4918,1
4919,0
4920,1
4923,0
4924,1
4925,0
4927,0
4928,0
4929,0
4930,0
4931,0
4932,0
4933,0
4934,0
4935,0
4936,1
4937,1
4938,0
4939,1
4940,0
4941,0
4943,0
4944,0
4945,0
4946,0
4947,0
4948,1
4949,1
4950,0
4951,0
4953,0
4954,0
4955,1
4956,0
4957,0
4958,1
4959,1
4960,1
4961,0
4962,0
4963,0
4964,1
4965,0
4966,0
4967,0
4968,1
4969,0
4970,0
4971,0
4972,0
4973,0
4974,1
4975,0
4976,1
4977,1
4978,0
4979,0
4980,1
4981,1
4982,1
4983,0
4984,0
4985,1
4986,0
4987,0
4988,0
4989,1
4990,0
4991,1
4992,0
4993,0
4994,1
4995,1
4996,0
4997,1
4998,0
4999,0
5000,0
5001,1
5002,1
5003,0
5004,0
5005,1
5006,0
5007,0
5008,0
5009,0
5010,1
5011,0
5012,0
5013,0
5014,0
5015,0
5016,0
5017,1
5018,0
5019,0
5020,0
5021,0
5022,0
5023,0
5024,0
5025,1
5026,0
5027,1
5028,0
5029,1
5030,0
5031,1
5032,1
5033,1
5034,0
5035,0
5036,0
5037,0
5038,0
5039,0
5040,1
5041,0
5042,0
5043,0
5044,0
5045,1
5046,1
5047,0
5048,0
5049,0
5050,0
5051,2
5052,0
5053,0
5054,1
5055,1
5056,0
5057,0
5058,0
5059,1
5060,1
5061,0
5062,0
5063,0
5064,1
5065,0
5066,2
5067,0
5068,1
5069,1
5070,0
5071,1
5072,1
5073,0
5074,0
5075,0
5076,0
5077,0
5078,0
5079,0
5080,0
5081,1
5082,1
5083,0
5084,1
5085,0
5086,1
5087,0
5088,0
5089,0
5090,0
5091,0
5092,1
5093,0
5094,0
5095,0
5096,2
5097,1
5098,1
5099,0
5100,0
5101,1
5102,0
5103,0
5104,1
5105,1
5106,1
5107,1
5109,0
5110,0
5111,0
5112,0
5113,1
5114,0
5115,0
5116,0
5117,0
5118,0
5119,1
5120,1
5121,0
5122,0
5123,1
5124,0
5127,1
5128,1
5129,0
5130,0
5131,0
5132,0
5133,0
5134,0
5135,1
5136,0
5137,0
5138,0
5139,0
5140,0
5141,0
5142,0
5143,0
5144,0
5145,0
5146,0
5147,1
5148,0
5149,1
5150,0
5151,0
5152,0
5154,0
5155,0
5156,0
5157,0
5159,2
5161,0
5162,0
5163,1
5164,0
5165,0
5166,0
5167,1
5168,0
5169,1
5170,0
5171,0
5172,0
5173,0
5174,1
5175,0
5176,1
5177,0
5178,0
5179,0
5180,0
5181,0
5182,0
5183,0
5184,1
5185,1
5186,0
5187,0
5190,0
5191,1
5192,0
5193,0
5194,0
5195,0
5196,0
5197,1
5199,1
5200,1
5201,0
5202,0
5203,0
5204,0
5205,1
5206,1
5207,1
5208,0
5209,0
5210,0
5211,0
5212,1
5213,0
5214,0
5215,1
5216,0
5217,1
5218,0
5220,0
5221,0
5222,0
5223,0
5224,1
5225,1
5226,1
5227,0
5228,1
5229,0
5230,0
5231,2
5232,0
5233,1
5234,0
5235,0
5236,0
5237,1
5239,0
5240,1
5241,1
5242,1
5243,0
5244,1
5245,0
5247,0
5248,1
5249,0
5250,0
5251,0
5252,0
5253,0
5254,1
5255,1
5256,0
5257,1
5258,0
5259,0
5260,0
5261,0
5262,0
5263,0
5264,1
5265,0
5268,2
5269,0
5270,1
5271,1
5272,0
5273,1
5274,0
5275,0
5276,2
5277,0
5278,1
5279,0
5280,0
5281,0
5283,0
5284,0
5285,1
5286,0
5287,0
5288,1
5289,0
5290,0
5291,1
5292,0
5293,0
5294,0
5295,0
5296,1
5297,0
5298,0
5299,0
5300,0
5301,0
5303,1
5304,0
5305,0
5306,0
5307,0
5308,1
5310,0
5311,0
5313,0
5314,0
5315,0
5316,0
5317,0
5318,1
5319,1
5321,0
5322,0
5323,0
5324,0
5325,1
5326,2
5327,0
5328,0
5329,0
5330,0
5331,0
5332,0
5333,0
5334,1
5335,0
5336,1
5337,0
5338,0
5340,1
5341,1
5342,1
5343,1
5344,0
5345,2
5346,1
5347,0
5348,0
5349,0
5350,0
5351,0
5352,0
5354,1
5355,0
5356,0
5357,1
5358,0
5359,0
5360,0
5361,2
5362,0
5363,0
5364,1
5365,0
5366,0
5367,0
5368,1
5369,0
5370,0
5371,0
5372,0
5373,0
5374,0
5375,1
5376,1
5377,0
5378,0
5379,0
5381,1
5383,0
5384,0
5385,0
5386,0
5387,0
5388,0
5389,1
5390,0
5391,0
5392,0
5393,0
5394,0
5395,1
5396,0
5397,1
5398,0
5399,0
5400,1
5401,0
5402,0
5403,0
5404,0
5405,0
5407,0
5408,1
5409,1
5410,0
5411,1
5412,0
5413,1
5414,1
5415,1
5416,0
5417,0
5418,0
5419,0
5420,0
5421,1
5422,1
5423,0
5424,0
5425,0
5426,1
5427,1
5428,0
5429,0
5430,0
5431,1
5432,1
5433,0
5434,1
5435,0
5437,0
5438,0
5439,0
5440,0
5441,1
5442,0
5443,0
5444,0
5445,1
5446,1
5447,1
5448,1
5449,0
5450,0
5451,0
5452,0
5453,0
5454,1
5455,0
5456,0
5457,0
5458,1
5459,0
5460,0
5461,0
5462,0
5463,2
5464,0
5465,2
5466,0
5467,1
5468,0
5469,1
5470,1
5471,0
5472,1
5473,0
5474,0
5475,0
5476,1
5477,1
5478,0
5479,0
5480,0
5481,0
5482,1
5483,0
5484,0
5485,1
5486,0
5487,1
5488,1
5489,1
5490,1
5491,0
5492,0
5493,0
5494,1
5495,1
5496,0
5497,1
5498,1
5499,1
5500,0
5501,0
5502,0
5503,0
5504,2
5505,0
5506,1
5507,0
5508,0
5509,0
5510,0
5511,0
5512,0
5513,1
5514,0
5515,0
5516,0
5517,0
5518,1
5519,0
5520,0
5523,1
5524,0
5525,0
5526,1
5527,0
5528,1
5529,0
5530,0
5531,1
5532,0
5533,0
5534,1
5535,0
5536,0
5537,0
5538,1
5539,1
5540,1
5541,1
5542,0
5543,0
5544,0
5545,0
5546,1
5547,0
5548,0
5549,1
5550,0
5551,0
5552,0
5553,1
5554,0
5555,0
5557,0
5558,1
5559,0
5560,0
5561,0
5562,0
5563,0
5564,1
5566,0
5567,0
5568,1
5569,0
5570,0
5571,0
5572,0
5573,0
5574,0
5575,0
5576,1
5577,0
5578,0
5580,0
5581,0
5582,2
5583,0
5584,1
5585,1
5586,1
5587,0
5588,0
5589,0
5590,1
5591,0
5592,1
5593,0
5594,0
5595,0
5596,0
5597,0
5598,1
5599,1
5600,0
5601,0
5602,0
5603,1
5604,0
5605,0
5606,2
5607,1
5608,0
5609,0
5610,0
5611,0
5612,1
5613,0
5614,1
5615,0
5616,0
5617,0
5618,1
5619,0
5620,0
5621,1
5622,0
5623,1
5624,0
5625,0
5626,0
5627,0
5628,0
5629,1
5630,0
5631,0
5632,0
5633,0
5634,0
5635,1
5636,0
5637,1
5638,0
5639,1
5640,0
5641,0
5642,0
5643,1
5644,0
5645,0
5646,0
5647,0
5648,0
5649,1
5650,1
5651,1
5652,1
5653,0
5654,0
5655,1
5656,0
5657,0
5658,0
5659,1
5660,0
5661,1
5662,1
5663,0
5664,0
5665,0
5666,0
5667,1
5668,0
5669,0
5670,0
5671,0
5672,0
5673,1
5674,1
5675,0
5676,0
5677,0
5678,0
5679,0
5680,0
5681,0
5682,0
5683,1
5684,0
5685,0
5686,0
5687,0
5688,0
5689,0
5690,0
5691,0
5692,0
5693,1
5694,1
5695,1
5696,0
5697,0
5698,0
5699,0
5700,0
5701,0
5702,1
5703,0
5704,1
5705,0
5706,0
5707,0
5708,0
5709,0
5710,0
5711,0
5712,0
5713,0
5714,0
5715,0
5716,0
5717,0
5718,0
5719,0
5720,1
5721,0
5722,0
5723,0
5724,0
5725,0
5726,0
5727,0
5728,0
5729,0
5730,1
5731,0
5733,0
5734,0
5735,1
5736,0
5737,0
5738,0
5739,0
5740,0
5741,1
5742,0
5743,0
5744,0
5745,0
5746,0
5747,0
5748,0
5749,1
5750,1
5751,0
5752,0
5753,0
5754,0
5755,1
5756,0
5757,0
5758,0
5759,2
5760,0
5761,0
5762,1
5763,0
5764,0
5765,0
5767,1
5768,0
5769,0
5770,0
5771,0
5772,0
5773,0
5774,0
5775,0
5776,1
5777,0
5778,0
5779,1
5780,1
5781,0
5782,0
5783,1
5784,2
5785,0
5786,1
5787,0
5789,0
5790,0
5791,0
5792,0
5793,0
5794,0
5795,0
5796,0
5797,1
5798,1
5799,0
5800,1
5802,0
5803,0
5804,0
5805,0
5806,0
5807,1
5808,0
5809,1
5810,1
5812,0
5813,0
5814,0
5815,0
5816,0
5817,0
5818,0
5819,1
5820,1
5821,0
5822,1
5823,0
5824,0
5825,1
5826,0
5827,0
5828,0
5829,0
5830,0
5831,1
5832,0
5833,0
5834,0
5835,1
5836,0
5837,1
5838,0
5839,1
5840,0
5841,0
5842,1
5843,0
5844,0
5845,0
5846,1
5847,1
5848,0
5849,0
5850,0
5851,0
5852,1
5853,0
5854,0
5855,0
5856,0
5857,0
5858,0
5859,0
5860,0
5861,0
5862,0
5863,1
5864,0
5865,0
5866,1
5867,0
5868,0
5869,0
5870,0
5871,0
5872,1
5873,1
5874,0
5877,0
5878,0
5880,0
5881,0
5882,0
5883,0
5884,1
5885,0
5886,0
5887,1
5888,0
5889,0
5890,0
5891,0
5892,0
5893,0
5894,1
5895,0
5896,0
5897,1
5898,1
5901,1
5902,0
5903,0
5904,1
5905,0
5906,0
5907,1
5908,0
5909,0
5910,0
5911,0
5912,0
5913,0
5914,1
5915,0
5916,2
5917,0
5918,0
5919,0
5920,0
5921,1
5922,0
5923,0
5924,1
5925,0
5926,1
5927,1
5928,0
5929,0
5930,0
5931,0
5932,0
5933,0
5934,1
5935,0
5936,0
5937,0
5938,0
5939,0
5940,1
5941,0
5943,0
5944,0
5945,1
5946,1
5947,1
5948,1
5949,0
5950,0
5951,0
5952,1
5953,0
5954,0
5955,0
5956,1
5957,0
5958,1
5959,0
5960,0
5961,0
5962,1
5963,0
5964,0
5965,0
5966,0
5967,0
5968,0
5969,0
5970,0
5971,0
5972,1
5973,0
5974,1
5975,0
5976,1
5977,0
5978,0
5979,1
5980,1
5981,0
5982,0
5983,0
5984,1
5985,1
5986,0
5987,1
5988,0
5990,0
5991,0
5992,1
5993,1
5994,0
5995,0
5996,1
5997,0
5998,1
6000,0
6001,0
6002,1
6004,0
6005,0
6006,0
6007,1
6008,1
6009,1
6010,0
6011,0
6012,0
6013,0
6014,0
6015,0
6016,0
6017,0
6018,1
6019,1
6020,0
6021,0
6022,0
6023,1
6024,1
6025,2
6026,0
6027,1
6028,0
6029,0
6030,1
6031,0
6032,0
6034,0
6035,1
6036,0
6037,0
6038,1
6039,0
6040,0
6041,1
6042,1
6043,1
6044,0
6045,0
6046,0
6047,0
6048,0
6049,1
6050,0
6051,1
6052,0
6053,0
6054,0
6055,0
6056,1
6057,1
6059,0
6060,0
6061,1
6062,0
6063,0
6064,0
6065,1
6066,1
6067,0
6068,1
6069,0
6070,0
6071,0
6073,1
6074,0
6075,1
6076,0
6077,1
6078,0
6079,0
6080,0
6081,0
6082,1
6083,1
6084,0
6085,0
6086,1
6087,0
6088,0
6090,0
6091,0
6092,0
6093,0
6094,0
6095,1
6096,1
6097,0
6098,0
6099,0
6100,2
6101,0
6102,1
6103,1
6104,0
6105,0
6106,0
6107,0
6108,0
6109,0
6110,0
6111,0
6112,0
6113,0
6114,1
6115,1
6117,1
6118,0
6120,0
6122,0
6123,0
6125,0
6126,0
6127,0
6128,0
6129,0
6130,0
6131,0
6132,0
6133,0
6134,0
6135,0
6136,0
6137,0
6138,1
6139,0
6140,1
6141,0
6142,0
6143,2
6145,0
6146,0
6147,1
6148,0
6149,0
6150,1
6151,0
6152,1
6153,1
6154,0
6155,1
6156,0
6157,0
6158,0
6159,0
6160,1
6161,0
6162,1
6163,0
6164,1
6165,0
6166,0
6167,0
6168,0
6169,0
6170,1
6171,1
6172,0
6173,2
6174,0
6175,1
6176,1
6177,0
6178,0
6179,1
6180,0
6181,1
6182,0
6183,1
6184,0
6185,1
6186,1
6187,0
6188,1
6189,0
6190,1
6191,0
6192,0
6193,0
6194,0
6195,0
6196,1
6197,0
6198,0
6199,1
6200,1
6201,1
6202,0
6203,0
6204,0
6205,0
6206,2
6207,0
6208,0
6209,0
6210,0
6211,1
6212,0
6213,0
6214,1
6215,1
6216,0
6217,0
6218,0
6219,1
6220,0
6221,1
6222,1
6223,1
6224,0
6225,0
6226,1
6227,0
6228,1
6229,1
6230,1
6231,0
6232,0
6233,0
6235,0
6236,0
6237,0
6238,0
6239,1
6240,1
6241,0
6242,0
6243,0
6244,0
6245,1
6246,1
6247,1
6248,0
6249,1
6250,0
6251,0
6252,0
6253,0
6254,1
6255,0
6256,0
6257,0
6258,0
6259,0
6260,2
6261,0
6262,0
6263,0
6264,1
6265,0
6266,1
6267,0
6268,0
6269,0
6270,1
6271,0
6272,0
6273,0
6274,0
6275,0
6276,1
6277,0
6278,1
6279,0
6280,0
6281,0
6282,0
6283,0
6284,1
6285,0
6286,0
6287,0
6288,0
6289,0
6290,0
6291,0
6292,1
6293,0
6294,1
6295,0
6296,0
6297,0
6298,1
6299,1
6300,0
6301,0
6302,1
6303,0
6304,0
6305,1
6306,0
6307,0
6308,0
6309,0
6310,0
6311,0
6312,0
6313,0
6314,0
6315,0
6316,1
6317,0
6318,0
6319,0
6320,1
6321,1
6322,1
6323,0
6324,1
6325,1
6326,1
6327,0
6328,0
6329,0
6330,1
6331,0
6332,0
6333,1
6334,1
6335,0
6336,0
6337,0
6338,1
6339,0
6340,0
6341,0
6342,0
6343,0
6344,0
6346,0
6347,0
6348,1
6349,0
6350,0
6351,1
6352,1
6353,0
6354,0
6355,0
6356,1
6357,0
6358,0
6359,0
6360,1
6361,0
6362,0
6363,1
6364,0
6365,1
6366,0
6367,0
6368,1
6369,1
6370,0
6371,0
6372,0
6373,1
6375,0
6376,1
6377,1
6378,0
6379,1
6380,0
6381,2
6382,0
6383,0
6384,2
6385,0
6386,1
6387,0
6388,1
6389,0
6390,0
6391,1
6392,1
6393,0
6394,1
6395,0
6397,0
6399,0
6400,1
6401,0
6402,0
6403,1
6404,0
6405,1
6406,1
6407,1
6408,0
6409,0
6410,1
6411,0
6412,0
6413,0
6414,0
6415,1
6416,0
6417,0
6418,0
6419,1
6420,0
6421,0
6422,1
6423,0
6424,0
6425,0
6426,0
6427,0
6428,0
6429,0
6430,1
6432,0
6433,1
6434,0
6435,0
6436,1
6437,1
6438,1
6439,1
6440,1
6441,0
6442,0
6443,0
6444,1
6445,1
6446,1
6447,1
6448,0
6449,0
6450,1
6451,0
6452,0
6453,1
6454,0
6455,0
6456,0
6457,1
6458,0
6459,0
6460,0
6461,0
6462,1
6463,0
6464,0
6465,0
6466,0
6467,0
6468,0
6469,0
6470,0
6471,0
6473,0
6474,1
6475,0
6476,0
6477,1
6478,1
6479,0
6480,0
6481,0
6482,0
6483,1
6484,0
6485,1
6486,0
6487,0
6488,0
6489,1
6490,0
6491,0
6492,1
6493,0
6494,2
6495,0
6496,0
6497,1
6498,0
6499,0
6500,1
6501,0
6502,1
6503,0
6504,0
6505,0
6506,0
6507,1
6508,1
6510,0
6511,0
6512,0
6513,1
6514,0
6515,1
6516,0
6517,0
6518,0
6519,1
6520,1
6521,0
6522,0
6523,0
6524,0
6525,0
6526,0
6527,0
6528,1
6529,1
6530,0
6531,0
6532,0
6533,0
6534,1
6535,0
6536,0
6537,0
6538,0
6540,0
6541,0
6542,0
6543,0
6544,0
6545,0
6546,0
6547,0
6548,1
6549,0
6550,0
6551,0
6552,0
6553,1
6554,0
6555,1
6556,0
6557,0
6558,0
6559,0
6560,0
6561,0
6562,2
6563,0
6565,0
6566,1
6567,0
6568,0
6569,1
6570,0
6571,0
6572,1
6573,0
6574,0
6575,1
6576,0
6577,1
6578,0
6579,1
6580,0
6581,1
6582,0
6583,0
6584,0
6585,1
6586,0
6587,0
6588,0
6589,0
6591,1
6592,0
6593,0
6594,0
6595,0
6596,0
6597,0
6598,0
6599,0
6600,1
6601,1
6602,0
6603,0
6604,1
6605,0
6606,0
6607,1
6608,0
6609,1
6610,0
6611,0
6612,0
6613,0
6614,1
6615,0
6616,0
6617,1
6618,2
6619,0
6620,1
6621,1
6622,0
6623,0
6624,0
6625,1
6626,1
6627,1
6628,2
6629,1
6630,0
6631,0
6632,0
6633,0
6634,0
6635,1
6636,1
6637,1
6638,1
6639,0
6640,0
6642,1
6643,1
6644,0
6645,1
6646,0
6647,0
6648,0
6650,0
6652,0
6653,1
6654,2
6655,1
6656,0
6657,0
6658,0
6659,0
6660,1
6661,1
6662,1
6663,1
6664,0
6665,0
6666,0
6667,1
6668,0
6669,0
6670,0
6671,1
6672,0
6673,0
6674,0
6675,0
6676,1
6677,1
6678,0
6679,0
6680,1
6681,0
6682,0
6683,1
6684,1
6685,0
6686,0
6687,1
6688,0
6689,0
6690,1
6691,0
6692,1
6693,0
6694,0
6695,1
6696,1
6697,1
6698,1
6699,1
6700,1
6701,0
6702,0
6703,0
6704,0
6705,0
6707,0
6708,1
6710,0
6711,1
6712,0
6713,0
6714,0
6715,0
6716,0
6717,0
6718,0
6719,1
6720,0
6721,1
6722,1
6723,0
6724,0
6725,1
6726,1
6727,0
6728,0
6729,0
6730,0
6731,0
6732,0
6733,1
6734,0
6737,1
6738,0
6739,0
6740,1
6742,0
6743,0
6744,0
6745,0
6746,0
6747,1
6748,1
6749,0
6750,0
6751,0
6752,0
6753,0
6754,1
6755,0
6756,0
6757,0
6758,0
6759,0
6760,0
6761,1
6762,0
6763,0
6765,0
6766,0
6767,0
6768,1
6769,1
6770,1
6771,0
6772,0
6773,0
6774,0
6775,0
6776,0
6777,0
6778,2
6779,0
6780,1
6781,1
6782,0
6783,1
6784,0
6785,0
6786,0
6787,0
6788,1
6789,1
6790,1
6791,0
6792,1
6793,0
6794,0
6795,1
6796,0
6797,0
6798,0
6799,0
6800,0
6801,0
6802,0
6803,1
6804,0
6805,0
6806,0
6807,0
6808,1
6809,1
6810,0
6811,0
6812,0
6813,1
6814,0
6815,1
6816,0
6817,0
6818,0
6819,0
6820,0
6821,0
6822,0
6823,0
6824,1
6825,0
6826,0
6827,0
6828,1
6829,0
6830,0
6831,0
6832,1
6833,1
6834,0
6835,0
6836,1
6837,0
6838,0
6839,1
6840,0
6841,0
6842,0
6843,1
6844,0
6845,0
6846,0
6847,1
6849,2
6850,0
6851,0
6852,0
6853,0
6854,1
6855,0
6856,0
6857,1
6858,0
6859,0
6860,1
6861,0
6862,1
6863,0
6864,0
6865,0
6866,0
6867,1
6868,1
6869,1
6870,0
6871,0
6872,0
6873,0
6874,0
6875,1
6876,0
6877,0
6878,1
6880,0
6881,1
6882,0
6883,0
6884,1
6885,0
6886,0
6887,0
6888,0
6889,1
6890,1
6891,0
6892,0
6893,0
6894,0
6895,0
6896,0
6897,1
6898,0
6899,0
6900,1
6901,0
6902,0
6903,1
6904,0
6905,0
6906,0
6907,1
6908,0
6909,0
6910,0
6911,0
6912,0
6913,0
6914,0
6915,0
6916,0
6917,0
6918,0
6919,0
6920,2
6921,0
6922,1
6923,1
6924,0
6925,0
6926,1
6927,0
6928,0
6929,0
6930,0
6931,0
6932,0
6933,0
6934,0
6935,0
6936,0
6937,0
6938,0
6939,0
6940,0
6941,0
6943,1
6944,0
6945,0
6946,0
6947,1
6948,1
6949,1
6950,1
6952,1
6953,0
6954,0
6955,1
6956,0
6957,0
6958,0
6959,0
6960,0
6961,1
6962,0
6963,0
6964,0
6965,0
6966,1
6967,0
6968,1
6969,0
6970,1
6971,0
6972,1
6973,0
6974,0
6975,0
6976,1
6977,0
6978,0
6979,0
6980,0
6981,0
6982,0
6983,1
6984,0
6985,0
6986,0
6987,1
6988,0
6989,1
6990,0
6991,0
6992,0
6993,1
6994,0
6995,1
6996,1
6997,1
6998,0
6999,1
7000,1
7001,0
7002,0
7003,0
7004,0
7005,1
7006,1
7007,0
7008,0
7009,0
7010,0
7011,0
7012,0
7013,1
7014,0
7015,0
7017,0
7018,2
7019,0
7020,1
7021,0
7022,0
7023,0
7024,0
7025,1
7026,0
7027,0
7028,0
7029,0
7030,0
7031,1
7032,0
7033,0
7034,0
7035,0
7036,0
7037,1
7038,0
7039,0
7040,0
7041,1
7042,1
7043,0
7044,0
7045,0
7046,1
7047,0
7048,1
7049,0
7050,0
7051,0
7052,1
7053,0
7054,0
7055,0
7056,1
7057,0
7058,0
7059,1
7060,0
7061,1
7062,1
7063,0
7064,0
7065,0
7066,0
7067,0
7068,1
7069,0
7070,1
7071,0
7072,0
7073,1
7074,1
7075,0
7076,0
7077,1
7078,0
7079,1
7080,0
7081,1
7082,0
7083,0
7084,0
7086,0
7087,1
7088,0
7090,1
7091,0
7093,0
7094,0
7095,0
7096,0
7097,0
7098,0
7099,0
7101,0
7102,0
7103,0
7104,0
7105,1
7106,0
7107,0
7108,0
7109,0
7110,0
7111,0
7112,0
7113,1
7114,0
7115,1
7116,0
7117,1
7118,0
7119,1
7120,0
7121,0
7122,0
7123,0
7124,1
7125,0
7126,0
7127,0
7128,0
7129,0
7130,0
7132,0
7133,0
7134,0
7135,1
7136,0
7137,0
7138,0
7139,0
7140,0
7141,0
7142,1
7143,1
7144,0
7145,0
7146,0
7147,1
7148,0
7149,0
7150,0
7151,0
7152,1
7154,0
7155,0
7156,0
7157,0
7158,1
7159,0
7160,2
7161,0
7162,1
7163,0
7164,0
7165,1
7166,2
7167,1
7168,0
7169,0
7170,0
7171,1
7172,0
7173,1
7174,0
7175,1
7176,1
7177,0
7178,0
7179,0
7180,0
7181,1
7182,1
7183,1
7184,1
7185,0
7186,1
7187,0
7188,0
7189,0
7190,1
7191,0
7192,0
7193,0
7194,0
7195,1
7196,0
7197,0
7198,0
7200,0
7201,0
7202,0
7203,0
7204,1
7205,0
7206,0
7208,1
7209,1
7210,1
7211,0
7212,0
7213,1
7214,0
7215,1
7216,1
7217,1
7218,0
7219,0
7220,0
7221,0
7222,1
7223,0
7224,0
7225,0
7226,0
7227,1
7228,1
7229,1
7230,0
7231,0
7232,1
7233,0
7234,0
7235,0
7236,1
7237,0
7238,1
7239,0
7240,0
7241,1
7242,0
7243,1
7244,0
7245,1
7246,0
7247,1
7248,1
7249,0
7250,0
7251,0
7252,0
7253,1
7254,0
7255,0
7256,0
7257,0
7258,1
7259,0
7260,0
7261,0
7262,0
7263,0
7264,0
7265,0
7266,0
7267,0
7268,0
7269,1
7270,1
7271,0
7272,0
7273,1
7274,1
7275,0
7276,0
7277,0
7278,0
7279,1
7280,0
7281,0
7282,0
7283,1
7284,0
7285,0
7286,0
7287,0
7288,0
7289,0
7290,0
7291,1
7292,0
7293,0
7294,0
7295,0
7296,1
7297,0
7298,0
7299,1
7300,0
7301,0
7302,0
7303,1
7304,0
7305,0
7306,0
7308,1
7309,0
7310,0
7311,1
7312,0
7313,0
7314,1
7315,0
7316,0
7317,0
7318,0
7319,1
7320,0
7321,0
7322,0
7323,0
7324,0
7325,0
7326,0
7327,0
7328,0
7329,0
7330,1
7331,0
7332,0
7333,0
7334,0
7335,0
7336,0
7337,0
7338,0
7339,0
7340,0
7341,0
7342,0
7343,1
7344,0
7345,1
7347,0
7348,0
7349,0
7350,0
7351,1
7352,1
7353,0
7354,0
7355,1
7356,0
7357,0
7358,0
7359,1
7360,1
7361,0
7362,1
7363,0
7364,1
7365,0
7366,0
7367,1
7368,0
7369,0
7370,0
7371,0
7372,0
7373,1
7374,0
7375,1
7376,0
7377,0
7378,0
7379,1
7380,0
7381,0
7382,1
7383,0
7384,0
7385,0
7386,0
7387,1
7388,0
7389,0
7390,0
7391,0
7392,0
7393,1
7395,0
7396,0
7397,1
7398,0
7399,1
7400,0
7401,0
7402,0
7403,0
7404,1
7405,0
7406,1
7407,1
7408,0
7409,0
7410,0
7411,0
7412,0
7413,1
7414,0
7415,0
7416,0
7417,0
7418,0
7419,1
7420,0
7421,1
7422,1
7423,1
7424,0
7425,0
7426,1
7427,0
7428,0
7429,0
7430,0
7431,2
7432,0
7433,1
7434,1
7435,1
7436,0
7437,0
7438,0
7439,0
7440,1
7441,1
7442,0
7443,0
7444,0
7445,0
7446,0
7447,0
7448,0
7449,0
7450,1
7451,0
7452,0
7453,0
7454,0
7455,0
7456,0
7457,0
7459,1
7460,0
7461,0
7462,0
7463,0
7464,1
7465,0
7466,1
7467,0
7468,0
7469,0
7470,1
7471,0
7472,1
7474,0
7475,1
7476,0
7477,1
7478,0
7479,0
7480,0
7481,0
7482,0
7483,0
7484,1
7485,0
7486,0
7487,0
7488,0
7489,0
7490,0
7491,0
7492,0
7493,0
7494,0
7495,1
7496,0
7497,1
7498,0
7499,1
7500,0
7501,0
7502,0
7503,1
7504,1
7505,0
7506,0
7507,1
7508,1
7509,0
7510,0
7511,0
7512,0
7513,0
7514,0
7515,0
7516,0
7517,1
7518,1
7519,0
7520,0
7521,0
7522,0
7523,0
7524,0
7525,0
7526,0
7527,0
7528,0
7529,1
7531,1
7532,1
7533,1
7534,1
7535,0
7536,0
7537,0
7538,0
7539,0
7540,0
7541,1
7542,0
7543,0
7544,1
7545,1
7548,0
7549,0
7550,0
7551,1
7552,0
7553,0
7554,0
7555,0
7556,0
7557,0
7558,0
7559,1
7560,0
7561,0
7562,0
7563,0
7564,0
7565,0
7566,0
7567,1
7568,0
7569,0
7570,0
7571,0
7572,0
7573,0
7574,0
7575,0
7576,0
7577,0
7578,0
7579,0
7580,0
7581,0
7582,0
7583,0
7584,1
7585,1
7586,0
7587,0
7589,1
7590,1
7591,1
7592,0
7593,0
7594,1
7595,1
7596,1
7597,0
7598,1
7599,2
7600,0
7601,0
7602,0
7603,0
7604,1
7605,1
7606,0
7608,1
7609,0
7610,1
7611,0
7612,0
7613,0
7614,1
7616,1
7617,0
7618,0
7619,0
7620,1
7621,0
7622,0
7623,0
7624,0
7626,1
7627,0
7628,0
7629,0
7630,0
